<?xml version="1.0" encoding="UTF-8"?>
<project-private xmlns="http://www.netbeans.org/ns/project-private/1">
    <editor-bookmarks xmlns="http://www.netbeans.org/ns/editor-bookmarks/2" lastBookmarkId="0"/>
    <open-files xmlns="http://www.netbeans.org/ns/projectui-open-files/2">
        <group>
            <file>file:/C:/Users/Venkashvar/Documents/NetBeansProjects/SmartDonationPortal3/src/java/com/smartdonation/dao/DBConnection.java</file>
            <file>file:/C:/Users/Venkashvar/Documents/NetBeansProjects/SmartDonationPortal3/src/java/com/smartdonation/dao/UserDAO.java</file>
            <file>file:/C:/Users/Venkashvar/Documents/NetBeansProjects/SmartDonationPortal3/src/java/com/smartdonation/servlet/LoginServlet.java</file>
            <file>file:/C:/Users/Venkashvar/Documents/NetBeansProjects/SmartDonationPortal3/src/java/com/smartdonation/servlet/LogoutServlet.java</file>
            <file>file:/C:/Users/Venkashvar/Documents/NetBeansProjects/SmartDonationPortal3/src/java/com/smartdonation/servlet/RegisterServlet.java</file>
            <file>file:/C:/Users/Venkashvar/Documents/NetBeansProjects/SmartDonationPortal3/web/register.jsp</file>
            <file>file:/C:/Users/Venkashvar/Documents/NetBeansProjects/SmartDonationPortal3/src/java/com/smartdonation/servlet/HttpServlet.java</file>
            <file>file:/C:/Users/Venkashvar/Documents/NetBeansProjects/SmartDonationPortal3/web/WEB-INF/web.xml</file>
        </group>
    </open-files>
</project-private>
